2025-12-01_19-52-15,0,draft.py:2025-12-01_19-52-15
2025-12-01_19-52-18,---,draft.py:2025-12-01_19-52-15
2025-12-01_19-53-23,0,draft.py:2025-12-01_19-53-23
2025-12-01_19-53-24,0,draft.py:2025-12-01_19-53-23
2025-12-01_20-02-21,100,draft.py:2025-12-01_20-02-21
2025-12-01_20-02-22,100,draft.py:2025-12-01_20-02-21
2025-12-01_20-04-52,---,draft.py:2025-12-01_20-04-52
2025-12-10_20-54-42,100,draft.py:2025-12-10_20-54-42
2025-12-10_20-55-05,100,draft.py:2025-12-10_20-54-42
2025-12-10_21-02-41,0,draft.py:2025-12-10_21-02-41
2025-12-10_21-07-21,0,draft.py:2025-12-10_21-07-21
2025-12-10_21-07-36,0,draft.py:2025-12-10_21-07-36
2025-12-10_21-07-44,0,draft.py:2025-12-10_21-07-44
2025-12-10_21-07-50,0,draft.py:2025-12-10_21-07-50
2025-12-10_21-12-34,0,draft.py:2025-12-10_21-12-34
2025-12-10_21-12-53,0,draft.py:2025-12-10_21-12-53
2025-12-10_21-15-18,0,draft.py:2025-12-10_21-15-18
2025-12-10_21-15-40,0,draft.py:2025-12-10_21-15-18
2025-12-10_21-15-41,0,draft.py:2025-12-10_21-15-18
2025-12-14_22-13-53,0,draft.py:2025-12-10_21-15-18
2025-12-14_22-14-32,0,draft.py:2025-12-10_21-15-18
2025-12-14_23-10-17,0,draft.py:2025-12-10_21-15-18
