2025-12-10_21-14-34,100,draft.py:2025-12-10_21-14-34
2025-12-10_21-16-08,100,draft.py:2025-12-10_21-14-34
2025-12-10_21-42-14,100,draft.py:2025-12-10_21-42-14
2025-12-10_21-42-15,100,draft.py:2025-12-10_21-42-14
2025-12-10_21-42-15,100,draft.py:2025-12-10_21-42-14
2025-12-10_21-42-26,100,draft.py:2025-12-10_21-42-14
2025-12-10_21-53-54,100,draft.py:2025-12-10_21-53-54
2025-12-10_21-53-58,100,draft.py:2025-12-10_21-53-54
2025-12-10_21-53-59,100,draft.py:2025-12-10_21-53-54
2025-12-10_21-54-00,100,draft.py:2025-12-10_21-53-54
2025-12-10_21-54-00,100,draft.py:2025-12-10_21-53-54
2025-12-10_21-54-00,100,draft.py:2025-12-10_21-53-54
2025-12-10_21-54-00,100,draft.py:2025-12-10_21-53-54
2025-12-10_21-54-00,100,draft.py:2025-12-10_21-53-54
2025-12-10_21-54-01,100,draft.py:2025-12-10_21-53-54
2025-12-10_21-54-01,100,draft.py:2025-12-10_21-53-54
2025-12-10_21-54-01,100,draft.py:2025-12-10_21-53-54
2025-12-10_21-54-01,100,draft.py:2025-12-10_21-53-54
2025-12-10_21-54-01,100,draft.py:2025-12-10_21-53-54
2025-12-10_21-54-02,100,draft.py:2025-12-10_21-53-54
2025-12-10_21-54-02,100,draft.py:2025-12-10_21-53-54
2025-12-10_21-54-02,100,draft.py:2025-12-10_21-53-54
2025-12-10_21-54-02,100,draft.py:2025-12-10_21-53-54
2025-12-10_21-54-02,100,draft.py:2025-12-10_21-53-54
2025-12-10_21-54-02,100,draft.py:2025-12-10_21-53-54
2025-12-10_21-54-02,100,draft.py:2025-12-10_21-53-54
2025-12-10_21-54-03,100,draft.py:2025-12-10_21-53-54
2025-12-10_21-54-11,100,draft.py:2025-12-10_21-53-54
2025-12-10_21-54-24,100,draft.py:2025-12-10_21-53-54
2025-12-10_21-54-24,100,draft.py:2025-12-10_21-53-54
2025-12-10_21-54-25,100,draft.py:2025-12-10_21-53-54
2025-12-10_21-57-59,0,draft.py:2025-12-10_21-57-59
2025-12-10_21-58-00,0,draft.py:2025-12-10_21-57-59
2025-12-10_21-58-05,0,draft.py:2025-12-10_21-57-59
2025-12-10_21-58-26,0,draft.py:2025-12-10_21-58-26
2025-12-10_22-00-30,100,draft.py:2025-12-10_22-00-30
2025-12-10_22-00-31,100,draft.py:2025-12-10_22-00-30
2025-12-10_22-00-31,100,draft.py:2025-12-10_22-00-30
2025-12-10_22-00-32,100,draft.py:2025-12-10_22-00-30
2025-12-10_22-00-32,100,draft.py:2025-12-10_22-00-30
2025-12-10_22-00-32,100,draft.py:2025-12-10_22-00-30
2025-12-10_22-00-39,100,draft.py:2025-12-10_22-00-30
2025-12-10_22-00-40,100,draft.py:2025-12-10_22-00-30
2025-12-10_22-00-40,100,draft.py:2025-12-10_22-00-30
2025-12-10_22-03-00,0,draft.py:2025-12-10_22-03-00
2025-12-10_22-03-02,0,draft.py:2025-12-10_22-03-00
2025-12-10_22-03-21,0,draft.py:2025-12-10_22-03-21
2025-12-10_22-03-24,0,draft.py:2025-12-10_22-03-21
2025-12-10_22-03-24,0,draft.py:2025-12-10_22-03-21
2025-12-10_22-03-24,0,draft.py:2025-12-10_22-03-21
2025-12-10_22-03-45,0,draft.py:2025-12-10_22-03-45
2025-12-10_22-03-46,0,draft.py:2025-12-10_22-03-45
2025-12-10_22-03-46,0,draft.py:2025-12-10_22-03-45
2025-12-10_22-03-46,0,draft.py:2025-12-10_22-03-45
2025-12-10_22-03-47,0,draft.py:2025-12-10_22-03-45
2025-12-10_22-03-47,0,draft.py:2025-12-10_22-03-45
2025-12-10_22-03-47,0,draft.py:2025-12-10_22-03-45
2025-12-10_22-03-47,0,draft.py:2025-12-10_22-03-45
2025-12-10_22-03-47,0,draft.py:2025-12-10_22-03-45
2025-12-10_22-03-47,0,draft.py:2025-12-10_22-03-45
2025-12-10_22-04-00,0,draft.py:2025-12-10_22-03-45
2025-12-10_22-04-01,0,draft.py:2025-12-10_22-03-45
2025-12-10_22-05-18,0,draft.py:2025-12-10_22-05-18
2025-12-10_22-05-19,0,draft.py:2025-12-10_22-05-18
2025-12-10_22-05-19,0,draft.py:2025-12-10_22-05-18
2025-12-10_22-05-20,0,draft.py:2025-12-10_22-05-18
2025-12-10_22-05-20,0,draft.py:2025-12-10_22-05-18
2025-12-10_22-05-20,0,draft.py:2025-12-10_22-05-18
2025-12-10_22-05-20,0,draft.py:2025-12-10_22-05-18
2025-12-10_22-05-20,0,draft.py:2025-12-10_22-05-18
2025-12-10_22-05-20,0,draft.py:2025-12-10_22-05-18
2025-12-10_22-05-20,0,draft.py:2025-12-10_22-05-18
2025-12-10_22-05-21,0,draft.py:2025-12-10_22-05-18
2025-12-10_22-05-21,0,draft.py:2025-12-10_22-05-18
2025-12-10_22-05-21,0,draft.py:2025-12-10_22-05-18
2025-12-10_22-05-21,0,draft.py:2025-12-10_22-05-18
2025-12-10_22-05-21,0,draft.py:2025-12-10_22-05-18
2025-12-10_22-05-21,0,draft.py:2025-12-10_22-05-18
2025-12-10_22-05-22,0,draft.py:2025-12-10_22-05-18
2025-12-10_22-05-22,0,draft.py:2025-12-10_22-05-18
2025-12-10_22-05-22,0,draft.py:2025-12-10_22-05-18
2025-12-10_22-05-22,0,draft.py:2025-12-10_22-05-18
2025-12-10_22-05-22,0,draft.py:2025-12-10_22-05-18
2025-12-10_22-05-22,0,draft.py:2025-12-10_22-05-18
2025-12-10_22-05-23,0,draft.py:2025-12-10_22-05-18
2025-12-10_22-07-38,0,draft.py:2025-12-10_22-07-38
2025-12-10_22-07-39,0,draft.py:2025-12-10_22-07-38
2025-12-10_22-08-45,0,draft.py:2025-12-10_22-08-45
2025-12-10_22-08-46,0,draft.py:2025-12-10_22-08-45
2025-12-10_22-08-46,0,draft.py:2025-12-10_22-08-45
2025-12-10_22-09-10,0,draft.py:2025-12-10_22-09-10
2025-12-10_22-09-54,100,draft.py:2025-12-10_22-09-54
2025-12-10_22-09-56,100,draft.py:2025-12-10_22-09-54
2025-12-10_22-09-56,100,draft.py:2025-12-10_22-09-54
2025-12-10_22-09-56,100,draft.py:2025-12-10_22-09-54
2025-12-10_22-09-56,100,draft.py:2025-12-10_22-09-54
2025-12-10_22-09-57,100,draft.py:2025-12-10_22-09-54
2025-12-10_22-09-57,100,draft.py:2025-12-10_22-09-54
2025-12-10_22-09-57,100,draft.py:2025-12-10_22-09-54
2025-12-10_22-09-57,100,draft.py:2025-12-10_22-09-54
2025-12-10_22-09-57,100,draft.py:2025-12-10_22-09-54
2025-12-10_22-09-57,100,draft.py:2025-12-10_22-09-54
2025-12-10_22-09-58,100,draft.py:2025-12-10_22-09-54
2025-12-10_22-09-58,100,draft.py:2025-12-10_22-09-54
2025-12-10_22-09-58,100,draft.py:2025-12-10_22-09-54
2025-12-10_22-09-58,100,draft.py:2025-12-10_22-09-54
2025-12-10_22-09-58,100,draft.py:2025-12-10_22-09-54
2025-12-10_22-09-58,100,draft.py:2025-12-10_22-09-54
2025-12-10_22-09-58,100,draft.py:2025-12-10_22-09-54
2025-12-10_22-09-59,100,draft.py:2025-12-10_22-09-54
2025-12-10_22-10-06,100,draft.py:2025-12-10_22-09-54
2025-12-10_22-13-50,0,draft.py:2025-12-10_22-13-50
2025-12-10_22-13-53,0,draft.py:2025-12-10_22-13-50
2025-12-10_22-13-55,0,draft.py:2025-12-10_22-13-50
2025-12-10_22-13-55,0,draft.py:2025-12-10_22-13-50
2025-12-10_22-13-56,0,draft.py:2025-12-10_22-13-50
2025-12-10_22-13-56,0,draft.py:2025-12-10_22-13-50
2025-12-10_22-13-57,0,draft.py:2025-12-10_22-13-50
2025-12-10_22-13-57,0,draft.py:2025-12-10_22-13-50
2025-12-10_22-13-58,0,draft.py:2025-12-10_22-13-50
2025-12-10_22-13-58,0,draft.py:2025-12-10_22-13-50
2025-12-10_22-13-58,0,draft.py:2025-12-10_22-13-50
2025-12-10_22-13-58,0,draft.py:2025-12-10_22-13-50
2025-12-10_22-14-35,0,draft.py:2025-12-10_22-14-35
2025-12-10_22-14-37,0,draft.py:2025-12-10_22-14-35
2025-12-10_22-14-55,100,draft.py:2025-12-10_22-14-55
2025-12-10_22-15-27,0,draft.py:2025-12-10_22-15-27
2025-12-10_22-15-35,0,draft.py:2025-12-10_22-15-35
2025-12-10_22-15-37,0,draft.py:2025-12-10_22-15-35
2025-12-10_22-18-03,100,draft.py:2025-12-10_22-18-03
2025-12-10_22-24-34,0,draft.py:2025-12-10_22-24-34
2025-12-10_22-24-36,0,draft.py:2025-12-10_22-24-34
2025-12-10_22-24-48,0,draft.py:2025-12-10_22-24-34
2025-12-10_22-25-40,0,draft.py:2025-12-10_22-24-34
2025-12-10_22-29-11,0,draft.py:2025-12-10_22-29-11
2025-12-10_22-29-11,0,draft.py:2025-12-10_22-29-11
2025-12-10_22-29-11,0,draft.py:2025-12-10_22-29-11
2025-12-10_22-29-12,0,draft.py:2025-12-10_22-29-11
2025-12-10_22-29-12,0,draft.py:2025-12-10_22-29-11
2025-12-10_22-29-12,0,draft.py:2025-12-10_22-29-11
2025-12-10_22-29-12,0,draft.py:2025-12-10_22-29-11
2025-12-10_22-29-12,0,draft.py:2025-12-10_22-29-11
2025-12-10_22-29-12,0,draft.py:2025-12-10_22-29-11
2025-12-10_22-29-13,0,draft.py:2025-12-10_22-29-11
2025-12-10_22-29-13,0,draft.py:2025-12-10_22-29-11
2025-12-10_22-29-13,0,draft.py:2025-12-10_22-29-11
2025-12-10_22-29-13,0,draft.py:2025-12-10_22-29-11
2025-12-10_22-29-13,0,draft.py:2025-12-10_22-29-11
2025-12-10_22-29-13,0,draft.py:2025-12-10_22-29-11
2025-12-10_22-29-14,0,draft.py:2025-12-10_22-29-11
2025-12-10_22-29-14,0,draft.py:2025-12-10_22-29-11
2025-12-10_22-29-14,0,draft.py:2025-12-10_22-29-11
2025-12-10_22-29-14,0,draft.py:2025-12-10_22-29-11
2025-12-10_22-29-14,0,draft.py:2025-12-10_22-29-11
2025-12-10_22-29-14,0,draft.py:2025-12-10_22-29-11
2025-12-10_22-29-32,0,draft.py:2025-12-10_22-29-11
2025-12-10_22-40-37,0,draft.py:2025-12-10_22-40-37
2025-12-10_22-40-38,0,draft.py:2025-12-10_22-40-37
2025-12-10_22-42-44,0,draft.py:2025-12-10_22-42-44
2025-12-10_22-42-45,0,draft.py:2025-12-10_22-42-44
2025-12-10_22-42-45,0,draft.py:2025-12-10_22-42-44
2025-12-10_22-42-45,0,draft.py:2025-12-10_22-42-44
2025-12-10_22-42-53,100,draft.py:2025-12-10_22-42-53
2025-12-10_22-43-01,100,draft.py:2025-12-10_22-42-53
2025-12-10_22-43-02,100,draft.py:2025-12-10_22-42-53
2025-12-10_22-43-02,100,draft.py:2025-12-10_22-42-53
2025-12-10_22-43-03,100,draft.py:2025-12-10_22-42-53
2025-12-10_22-43-03,100,draft.py:2025-12-10_22-42-53
2025-12-10_22-43-03,100,draft.py:2025-12-10_22-42-53
2025-12-10_22-43-03,100,draft.py:2025-12-10_22-42-53
2025-12-10_22-43-03,100,draft.py:2025-12-10_22-42-53
2025-12-10_22-43-04,100,draft.py:2025-12-10_22-42-53
2025-12-10_22-43-04,100,draft.py:2025-12-10_22-42-53
2025-12-10_22-45-38,100,draft.py:2025-12-10_22-45-38
2025-12-10_22-47-37,100,draft.py:2025-12-10_22-47-37
2025-12-10_22-47-37,100,draft.py:2025-12-10_22-47-37
2025-12-10_22-47-40,100,draft.py:2025-12-10_22-47-40
2025-12-10_22-53-14,100,draft.py:2025-12-10_22-53-14
2025-12-10_22-53-15,100,draft.py:2025-12-10_22-53-14
2025-12-10_22-53-15,100,draft.py:2025-12-10_22-53-14
2025-12-10_22-53-19,100,draft.py:2025-12-10_22-53-14
2025-12-10_22-54-59,100,draft.py:2025-12-10_22-53-14
2025-12-10_22-54-59,100,draft.py:2025-12-10_22-53-14
2025-12-10_22-55-00,100,draft.py:2025-12-10_22-53-14
2025-12-10_22-55-00,100,draft.py:2025-12-10_22-53-14
2025-12-10_22-55-00,100,draft.py:2025-12-10_22-53-14
2025-12-10_22-55-00,100,draft.py:2025-12-10_22-53-14
2025-12-10_22-55-00,100,draft.py:2025-12-10_22-53-14
2025-12-10_22-55-00,100,draft.py:2025-12-10_22-53-14
2025-12-10_22-55-00,100,draft.py:2025-12-10_22-53-14
2025-12-10_22-55-00,100,draft.py:2025-12-10_22-53-14
2025-12-10_22-55-01,100,draft.py:2025-12-10_22-53-14
2025-12-10_22-55-01,100,draft.py:2025-12-10_22-53-14
2025-12-10_22-55-01,100,draft.py:2025-12-10_22-53-14
2025-12-10_22-55-01,100,draft.py:2025-12-10_22-53-14
2025-12-10_22-55-01,100,draft.py:2025-12-10_22-53-14
2025-12-10_22-55-02,100,draft.py:2025-12-10_22-53-14
2025-12-10_22-55-02,100,draft.py:2025-12-10_22-53-14
2025-12-10_22-55-02,100,draft.py:2025-12-10_22-53-14
2025-12-10_22-55-02,100,draft.py:2025-12-10_22-53-14
2025-12-10_22-55-02,100,draft.py:2025-12-10_22-53-14
2025-12-10_22-55-02,100,draft.py:2025-12-10_22-53-14
2025-12-10_22-55-02,100,draft.py:2025-12-10_22-53-14
2025-12-10_22-55-03,100,draft.py:2025-12-10_22-53-14
2025-12-10_22-55-03,100,draft.py:2025-12-10_22-53-14
2025-12-10_22-55-03,100,draft.py:2025-12-10_22-53-14
2025-12-10_22-55-03,100,draft.py:2025-12-10_22-53-14
2025-12-10_22-55-03,100,draft.py:2025-12-10_22-53-14
2025-12-10_22-55-04,100,draft.py:2025-12-10_22-53-14
2025-12-10_22-55-04,100,draft.py:2025-12-10_22-53-14
2025-12-10_22-55-04,100,draft.py:2025-12-10_22-53-14
2025-12-10_22-55-04,100,draft.py:2025-12-10_22-53-14
2025-12-10_22-55-04,100,draft.py:2025-12-10_22-53-14
2025-12-10_22-55-05,100,draft.py:2025-12-10_22-53-14
2025-12-10_22-55-05,100,draft.py:2025-12-10_22-53-14
2025-12-10_23-15-23,100,draft.py:2025-12-10_22-53-14
2025-12-10_23-15-24,100,draft.py:2025-12-10_22-53-14
2025-12-10_23-15-24,100,draft.py:2025-12-10_22-53-14
2025-12-10_23-15-25,100,draft.py:2025-12-10_22-53-14
2025-12-10_23-15-25,100,draft.py:2025-12-10_22-53-14
2025-12-10_23-15-26,100,draft.py:2025-12-10_22-53-14
2025-12-10_23-15-26,100,draft.py:2025-12-10_22-53-14
2025-12-10_23-15-26,100,draft.py:2025-12-10_22-53-14
2025-12-10_23-15-32,100,draft.py:2025-12-10_22-53-14
2025-12-10_23-15-56,100,draft.py:2025-12-10_22-53-14
2025-12-10_23-16-01,100,draft.py:2025-12-10_22-53-14
2025-12-10_23-17-09,100,draft.py:2025-12-10_22-53-14
2025-12-10_23-17-45,100,draft.py:2025-12-10_22-53-14
2025-12-10_23-17-45,100,draft.py:2025-12-10_22-53-14
2025-12-10_23-17-48,100,draft.py:2025-12-10_22-53-14
2025-12-10_23-17-54,100,draft.py:2025-12-10_22-53-14
2025-12-10_23-17-54,100,draft.py:2025-12-10_22-53-14
2025-12-10_23-17-55,100,draft.py:2025-12-10_22-53-14
2025-12-10_23-19-02,100,draft.py:2025-12-10_22-53-14
2025-12-10_23-19-04,100,draft.py:2025-12-10_22-53-14
2025-12-10_23-19-08,100,draft.py:2025-12-10_22-53-14
2025-12-10_23-27-09,100,draft.py:2025-12-10_22-53-14
2025-12-10_23-27-11,100,draft.py:2025-12-10_22-53-14
2025-12-10_23-27-11,100,draft.py:2025-12-10_22-53-14
2025-12-10_23-27-12,100,draft.py:2025-12-10_22-53-14
2025-12-10_23-28-19,100,draft.py:2025-12-10_22-53-14
2025-12-10_23-28-19,100,draft.py:2025-12-10_22-53-14
2025-12-10_23-28-30,100,draft.py:2025-12-10_22-53-14
2025-12-10_23-28-40,0,draft.py:2025-12-10_23-28-40
2025-12-10_23-28-41,0,draft.py:2025-12-10_23-28-40
2025-12-10_23-28-41,0,draft.py:2025-12-10_23-28-40
2025-12-10_23-28-45,0,draft.py:2025-12-10_23-28-40
2025-12-10_23-28-50,100,draft.py:2025-12-10_23-28-50
2025-12-10_23-28-54,100,draft.py:2025-12-10_23-28-50
2025-12-10_23-39-56,100,draft.py:2025-12-10_23-28-50
2025-12-11_23-39-33,100,draft.py:2025-12-10_23-28-50
2025-12-11_23-57-55,0,draft.py:2025-12-11_23-57-55
2025-12-11_23-57-55,0,draft.py:2025-12-11_23-57-55
2025-12-12_00-00-31,0,draft.py:2025-12-12_00-00-31
2025-12-12_00-03-02,0,draft.py:2025-12-12_00-03-02
2025-12-12_00-03-03,0,draft.py:2025-12-12_00-03-02
2025-12-12_00-05-33,100,draft.py:2025-12-12_00-05-33
2025-12-12_00-05-53,100,draft.py:2025-12-12_00-05-33
2025-12-12_00-10-29,100,draft.py:2025-12-12_00-10-29
2025-12-12_00-11-07,0,draft.py:2025-12-12_00-11-07
2025-12-12_00-11-08,0,draft.py:2025-12-12_00-11-07
2025-12-12_00-15-51,0,draft.py:2025-12-12_00-15-51
2025-12-12_00-15-51,0,draft.py:2025-12-12_00-15-51
2025-12-12_00-15-56,100,draft.py:2025-12-12_00-15-56
2025-12-12_00-16-05,100,draft.py:2025-12-12_00-15-56
2025-12-12_00-20-24,100,draft.py:2025-12-12_00-20-24
2025-12-12_00-20-25,100,draft.py:2025-12-12_00-20-24
2025-12-12_00-20-25,100,draft.py:2025-12-12_00-20-24
2025-12-12_00-20-25,100,draft.py:2025-12-12_00-20-24
2025-12-12_00-20-25,100,draft.py:2025-12-12_00-20-24
2025-12-12_00-20-26,100,draft.py:2025-12-12_00-20-24
2025-12-12_00-20-39,100,draft.py:2025-12-12_00-20-24
2025-12-12_00-20-42,---,draft.py:2025-12-12_00-20-24
2025-12-12_00-20-52,100,draft.py:2025-12-12_00-20-24
2025-12-12_00-22-29,100,draft.py:2025-12-12_00-22-29
2025-12-12_00-22-29,100,draft.py:2025-12-12_00-22-29
2025-12-12_00-22-51,100,draft.py:2025-12-12_00-22-51
2025-12-12_00-23-42,100,draft.py:2025-12-12_00-23-42
2025-12-12_00-23-42,100,draft.py:2025-12-12_00-23-42
2025-12-12_00-24-03,100,draft.py:2025-12-12_00-24-03
2025-12-12_00-26-03,100,draft.py:2025-12-12_00-24-03
2025-12-12_00-26-04,100,draft.py:2025-12-12_00-24-03
2025-12-12_00-26-31,100,draft.py:2025-12-12_00-24-03
2025-12-12_00-34-37,100,draft.py:2025-12-12_00-24-03
2025-12-12_00-34-38,100,draft.py:2025-12-12_00-24-03
2025-12-12_00-34-40,100,draft.py:2025-12-12_00-24-03
2025-12-12_00-35-11,0,draft.py:2025-12-12_00-35-11
2025-12-12_00-44-22,0,draft.py:2025-12-12_00-35-11
2025-12-12_00-49-14,0,draft.py:2025-12-12_00-35-11
2025-12-12_00-50-21,100,draft.py:2025-12-12_00-50-21
2025-12-12_00-51-18,100,draft.py:2025-12-12_00-51-18
2025-12-12_00-51-56,0,draft.py:2025-12-12_00-51-56
2025-12-12_01-08-03,0,draft.py:2025-12-12_00-51-56
2025-12-12_01-11-20,0,draft.py:2025-12-12_00-51-56
2025-12-12_01-39-23,0,draft.py:2025-12-12_00-51-56
2025-12-12_01-39-24,0,draft.py:2025-12-12_00-51-56
2025-12-12_01-39-24,0,draft.py:2025-12-12_00-51-56
2025-12-12_01-39-24,0,draft.py:2025-12-12_00-51-56
2025-12-12_01-39-24,0,draft.py:2025-12-12_00-51-56
2025-12-12_02-28-54,0,draft.py:2025-12-12_00-51-56
2025-12-12_02-30-12,0,draft.py:2025-12-12_00-51-56
2025-12-13_18-37-46,0,draft.py:2025-12-12_00-51-56
2025-12-13_18-38-53,0,draft.py:2025-12-12_00-51-56
2025-12-13_23-35-48,0,draft.py:2025-12-13_23-35-48
2025-12-13_23-45-15,0,draft.py:2025-12-13_23-45-15
2025-12-13_23-45-16,0,draft.py:2025-12-13_23-45-15
2025-12-13_23-45-17,0,draft.py:2025-12-13_23-45-15
2025-12-13_23-45-18,0,draft.py:2025-12-13_23-45-15
2025-12-13_23-45-18,0,draft.py:2025-12-13_23-45-15
2025-12-13_23-45-35,0,draft.py:2025-12-13_23-45-15
